ID;PLAN_ID;GROUP_ID;LABEL;REL_EDUCATION;GROUP_TYPE;AGE_TYPE;WILL_ACCEPT
1;1;13;;5;1;3;15
3;3;16;;24;1;3;8
4;3;15;;19;2;18;5
8;3;8;;5;3;11;2
9;3;11;;19;3;11;8
10;3;3;;5;1;9;20
11;4;6;;5;2;6;20
12;5;4;;19;2;3;14
13;5;11;;19;2;6;7
14;5;8;;19;2;7;6
15;5;10;;20;2;4;8
17;7;13;;5;1;3;20
19;7;5;;5;3;9;2
20;8;12;;5;1;3;8
21;8;11;;5;1;3;11
22;10;16;;5;1;1;10
23;10;2;;5;2;3;20
25;10;6;;5;2;6;10
26;10;8;;5;2;7;11
29;10;9;;5;2;8;4
31;6;12;;5;1;3;9
32;6;17;;5;1;3;15
35;6;3;;19;1;18;9
36;6;11;;24;2;14;10
44;11;12;SAULUTĖS;5;2;6;20
45;12;33;;5;1;3;14
46;12;23;;132;2;19;4
48;12;24;;13;2;14;2
49;12;25;;13;2;14;5
51;13;7;;5;1;3;8
52;13;2;;6;2;10;5
53;13;4;;5;2;9;8
54;14;3;;24;2;6;2
55;14;11;;24;2;7;2
56;14;12;;24;2;7;13
57;14;2;;24;2;9;20
58;14;1;;24;3;9;7
59;15;6;;5;2;7;3
60;15;13;;5;2;9;2
61;14;7;;24;3;8;1
62;16;1;;5;3;9;20
63;16;2;;5;3;9;20
64;17;1;;27;2;18;10
65;17;2;;27;2;16;3
66;18;17;;5;1;3;15
67;18;18;;5;1;3;15
68;18;12;;5;2;6;5
69;18;5;;5;2;6;5
70;18;10;;5;2;14;1
71;18;11;;5;2;14;3
72;19;19;;5;1;3;15
73;19;20;;5;1;3;7
77;20;12;;5;1;3;3
78;20;11;;5;1;3;20
79;20;5;;5;2;6;2
80;20;4;;5;3;9;8
81;20;3;;5;3;9;9
82;21;1;;5;3;9;24
83;22;5;;5;1;3;8
84;22;16;;5;2;6;16
85;22;8;;5;2;7;1
86;22;3;;5;3;9;3
87;21;2;;0;3;9;24
88;21;3;;0;3;9;24
89;24;19;;5;1;3;7
90;24;18;;5;1;3;15
91;24;8;;5;3;9;20
94;25;2;;5;2;6;23
95;25;7;;5;2;7;1
96;25;1;;5;2;9;2
97;26;14;;5;2;3;18
98;26;13;;5;2;3;18
99;26;17;;5;1;6;4
100;26;18;;5;1;6;1
103;26;2;;5;2;9;6
105;27;13;;5;1;3;12
106;27;7;;5;2;6;8
107;27;4;;5;3;9;11
108;29;4;;5;2;6;3
110;28;10;;5;1;3;15
111;28;9;;5;1;3;12
114;31;21;;5;1;3;12
115;31;22;;5;1;3;10
116;31;1;;5;2;8;20
117;31;11;;5;2;9;11
118;31;6;;5;2;9;6
119;32;2;;19;3;9;15
120;32;3;;19;3;9;15
121;33;22;;5;1;3;14
122;33;23;;5;1;3;12
123;33;3;;5;2;6;4
124;33;4;;5;2;6;6
125;34;26;;5;1;3;15
126;34;25;;5;1;3;12
130;35;24;;5;1;3;13
131;35;23;;5;1;3;11
132;35;3;;5;2;6;2
134;35;21;;5;2;6;1
135;35;2;;5;2;7;6
136;35;1;;5;2;7;9
137;35;12;;5;2;11;11
138;35;22;;5;3;9;1
139;36;12;;19;1;3;9
141;36;9;;19;2;9;15
142;37;7;;5;1;3;5
143;37;12;;5;1;3;4
144;37;5;;5;3;9;20
145;38;25;;5;1;3;15
146;38;24;;5;1;3;11
147;38;17;;5;1;6;2
148;38;18;;5;2;6;9
149;38;23;;5;2;13;1
150;39;13;;5;2;3;15
151;39;10;;19;2;3;15
152;39;21;;5;1;6;1
155;39;4;;19;3;8;7
156;40;7;;5;1;3;14
157;41;21;;5;1;3;11
158;41;22;;5;1;3;9
159;41;20;;5;1;3;7
160;41;10;;5;2;8;1
161;23;1;;19;3;9;20
162;23;2;PRIEŠMOKYKLINĖ;18;3;9;20
165;42;9;;19;1;3;20
166;42;3;;19;2;6;9
167;43;35;;5;1;3;11
168;43;32;;5;1;3;13
171;43;13;;5;2;8;2
172;44;11;;5;1;3;9
173;44;16;;5;1;3;10
174;44;15;;5;1;3;14
175;44;14;;5;1;3;14
176;45;13;;5;1;3;11
177;45;4;;5;2;6;6
178;46;26;;5;1;3;15
179;46;24;;5;1;3;4
182;46;27;;5;3;9;3
184;15;9;;5;1;6;4
186;47;7;;5;1;3;13
187;47;4;;5;3;11;2
188;48;17;;5;1;3;20
190;48;3;;5;2;6;16
192;49;7;;5;1;1;10
193;49;11;;19;2;4;4
194;49;5;;24;2;4;3
195;49;4;;19;2;4;5
196;50;19;;19;1;3;7
197;50;20;;5;1;3;17
198;50;10;;24;2;18;8
199;50;5;;24;2;16;1
200;51;1;;24;3;11;20
201;51;2;;19;3;11;20
202;51;3;;24;3;11;20
204;52;17;;5;1;3;13
205;52;18;;5;1;3;13
206;52;4;;5;2;6;6
207;52;2;;5;2;6;5
208;52;16;;5;2;7;2
209;52;13;;5;1;7;1
210;53;5;;19;2;3;3
211;53;9;;5;1;3;14
212;53;1;;5;2;10;4
213;53;2;;19;2;4;1
214;53;3;;5;2;8;4
215;19;4;;5;2;6;4
216;19;6;;5;2;6;11
217;54;9;;24;2;3;15
218;54;8;;24;1;3;8
219;54;2;;24;2;7;2
220;54;4;;24;2;9;8
221;55;5;;5;2;3;12
222;55;6;;6;2;3;6
223;55;9;;24;2;20;8
229;56;18;;5;1;3;14
230;56;17;;5;1;3;10
231;56;6;;5;2;6;10
234;56;3;;5;2;9;3
235;56;4;;5;2;9;4
236;57;16;;20;1;1;7
237;57;15;;20;1;3;8
238;57;14;;20;2;6;4
239;57;5;;5;3;16;2
240;57;7;;20;2;16;3
241;57;6;;20;3;11;6
242;58;1;;19;1;3;6
243;59;21;;19;1;3;11
244;59;20;;5;1;3;5
245;59;19;;5;1;3;15
246;59;7;;5;2;9;13
247;60;6;;19;1;3;15
250;61;2;;24;3;9;20
251;61;1;;19;3;9;40
252;62;14;;5;1;3;15
253;62;10;;5;2;6;8
254;62;5;;5;2;7;2
255;62;4;;5;2;8;10
256;62;12;;5;3;9;5
257;63;18;;5;1;3;17
258;63;17;;5;1;3;17
259;63;3;;5;2;6;9
260;63;4;;5;2;6;11
261;63;9;;9;2;4;20
262;63;12;;5;2;7;2
265;64;2;;5;2;3;15
267;27;3;;5;3;9;2
268;29;10;;5;2;3;14
269;65;7;;24;1;3;15
270;66;6;;5;2;3;15
272;66;20;;5;2;6;14
275;66;3;;5;3;9;11
276;67;11;;24;1;3;7
277;67;4;;19;2;3;4
278;67;6;;19;2;14;4
279;67;2;;5;3;11;2
280;68;6;;5;2;3;4
281;68;3;;19;2;3;5
282;68;15;;19;2;10;8
283;68;14;;5;2;7;2
284;68;4;;19;3;13;4
285;68;11;;5;1;9;13
286;69;23;;5;1;3;7
287;69;22;;19;1;3;15
288;69;1;;24;2;19;4
289;69;9;;19;2;6;1
290;69;16;;19;2;7;1
291;69;5;;19;3;8;4
292;69;2;;5;2;8;9
293;69;10;;24;2;11;6
294;69;21;;5;3;9;17
295;70;8;;9;2;20;6
297;70;4;;5;3;9;10
298;72;20;;19;1;3;15
299;72;21;;19;1;3;15
300;72;4;;19;2;6;5
302;72;5;;19;3;9;8
303;73;8;;19;1;3;10
304;73;5;;19;2;6;1
305;73;2;;19;2;7;1
306;74;14;;24;2;3;15
308;74;6;;19;2;10;5
309;74;1;;5;3;9;5
310;74;28;;5;2;9;4
311;75;11;;5;1;3;14
312;75;7;;5;2;6;6
313;76;20;;5;1;3;19
314;76;18;;5;1;3;20
315;76;2;;5;2;6;7
316;76;10;;24;3;4;6
318;76;11;;5;2;7;1
319;76;5;;5;2;8;2
321;76;3;;5;3;9;3
322;34;12;;5;2;6;7
323;34;23;;5;2;6;6
324;34;30;SAULUTĖS;5;1;6;22
326;76;1;;5;2;6;5
327;76;6;;5;2;8;4
328;77;7;;5;0;1;10
329;77;9;;5;0;3;15
330;77;19;;5;0;3;4
331;77;15;;19;0;3;9
332;77;11;;5;0;9;2
333;77;10;;5;0;9;2
334;78;13;;5;0;3;16
335;78;14;;5;0;3;17
339;79;13;;5;0;1;6
340;79;22;;5;0;3;15
342;79;3;;5;0;14;6
343;79;18;;5;0;7;9
344;79;14;;5;0;8;15
345;78;5;;5;0;6;11
346;80;8;;19;0;1;10
347;80;7;;19;0;3;4
348;80;2;;19;0;6;5
349;81;17;;5;0;3;42
354;82;29;"NAUJA LOPŠELIS";5;1;3;15
355;83;20;;5;0;3;26
356;83;10;;5;0;6;38
358;83;5;;5;0;9;5
359;84;2;;5;0;3;8
360;84;1;;5;0;10;2
361;84;5;;5;0;10;6
362;84;8;;5;0;10;5
363;84;10;;5;0;13;1
364;84;4;;5;0;9;2
365;84;3;;5;0;9;3
366;85;4;;19;0;6;22
367;85;3;;19;0;6;22
368;85;13;;19;0;10;2
369;85;15;;19;0;21;3
370;85;2;;19;0;9;6
371;85;1;;19;0;9;6
372;86;19;;5;0;3;25
373;86;3;;5;0;6;14
374;19;3;;5;0;9;2
375;87;7;;5;0;3;17
376;87;1;;5;0;3;17
377;87;6;;5;0;3;17
378;87;8;;5;0;6;22
379;87;2;;5;0;6;22
380;87;3;;5;0;7;22
381;87;9;;5;0;8;22
382;87;4;;5;0;8;22
383;87;5;;5;0;9;22
384;88;10;;5;0;3;4
385;88;11;;5;0;3;12
386;43;22;;5;0;6;17
387;1;11;;5;0;6;23
388;89;20;;5;0;3;12
389;89;21;;5;0;3;13
390;89;26;NAUJA;5;1;3;15
391;90;26;;5;0;3;18
392;90;27;;5;0;3;12
393;90;7;;5;0;6;15
394;90;23;;5;0;10;7
396;49;2;;5;0;3;1
397;89;4;;5;0;6;7
398;89;3;;5;0;6;8
400;91;10;;19;0;3;14
401;91;6;;19;0;10;4
402;91;5;;19;0;11;2
403;92;1;;24;0;9;15
404;46;5;;5;0;6;20
405;46;28;;5;0;9;6
406;93;11;;24;0;3;12
407;93;12;;24;0;3;14
408;93;13;;19;0;3;8
409;93;16;;19;0;11;1
410;93;21;;24;0;9;3
411;94;9;;5;0;3;7
412;94;10;;5;0;3;10
414;95;1;;5;0;9;24
415;95;2;;5;0;9;20
416;96;20;;5;0;3;16
417;96;8;;5;0;6;49
419;96;7;;5;0;8;4
420;96;14;;5;0;9;2
422;71;23;;5;0;3;25
425;97;22;;5;0;3;15
426;97;20;;5;0;3;15
428;97;15;;5;0;8;6
430;64;4;;5;0;6;1
431;97;23;;5;0;6;10
434;99;5;;5;0;3;15
436;99;13;LOPŠELIS;5;1;3;14
437;99;14;PRIEŠMOKYKLINĖ;5;3;9;16
438;100;25;;19;0;1;14
439;100;23;;19;0;3;5
440;100;20;;5;0;3;13
441;100;12;;19;0;6;12
442;100;19;;19;0;8;3
443;101;20;"LOPŠELIS NAUJA";5;1;3;15
444;101;21;"DARŽELIS NAUJA";5;2;6;28
445;39;20;;19;0;6;3
446;102;17;"BOŽJI KOROVKI";19;1;3;15
450;102;18;SOLNYŠKO;19;3;9;4
451;102;19;PČIOLKI;19;3;9;4
456;103;12;;5;0;3;18
457;103;17;;5;0;3;12
458;103;7;;5;0;6;11
459;103;6;;5;0;6;6
460;103;13;;5;0;7;1
461;103;2;;5;0;8;9
462;103;11;;5;0;9;10
463;104;19;;5;0;3;15
464;105;9;;5;0;1;10
465;105;10;;5;0;3;8
466;104;3;;5;0;6;5
467;104;6;;10;0;4;9
468;104;13;;9;0;4;5
469;104;14;;9;0;4;6
470;104;17;;5;0;8;6
471;104;18;;5;0;9;7
472;106;27;;5;0;3;10
473;106;25;;5;0;3;13
474;106;26;;6;0;3;12
475;107;6;;19;0;3;5
476;107;5;;19;0;3;15
477;108;2;;5;0;9;20
479;109;1;;5;0;9;31
480;71;6;;5;0;6;18
481;74;24;;5;0;6;15
482;88;6;;5;0;6;3
483;29;1;;5;0;7;3
484;110;9;;24;0;16;3
485;111;20;;5;0;3;15
493;111;13;;5;0;8;8
495;111;4;;5;0;9;3
496;110;14;;19;0;3;8
497;110;17;;24;0;18;6
500;111;21;;5;0;6;2
501;30;17;;5;0;6;4
502;30;3;;5;0;6;5
503;28;3;;5;0;9;6
504;9;21;VIEVERSĖLIAI;5;3;9;20
505;9;22;ŽVIRBLIUKAI;5;1;3;15
506;112;4;;5;0;10;13
507;112;2;;5;0;11;7
508;113;15;;5;0;3;15
509;113;2;;5;0;6;4
511;114;12;;5;0;3;10
512;114;11;;5;0;3;11
517;116;13;;24;0;3;17
518;116;12;;19;0;3;14
519;116;5;;5;0;10;7
520;116;4;;5;0;11;6
521;117;7;;5;0;6;20
522;25;5;;5;0;8;1
523;70;1;;5;0;8;2
524;118;11;;24;0;3;26
525;118;6;;19;0;4;9
528;118;4;;24;0;9;4
529;118;3;;24;0;6;9
530;119;19;;5;0;3;12
531;119;21;;5;0;3;12
532;119;20;;5;0;3;11
535;55;13;;5;0;6;4
536;55;1;;5;0;8;2
537;55;19;;5;2;6;8
539;121;16;;5;0;3;13
540;121;17;;5;0;3;11
541;121;3;;5;0;6;15
542;121;5;;5;0;6;18
543;122;1;;5;0;9;4
544;122;2;;5;0;9;20
545;122;3;;5;0;9;20
546;123;17;;5;0;3;21
547;123;2;;5;0;6;14
548;123;3;;5;0;7;4
552;124;11;;5;0;3;30
556;124;15;;5;0;6;40
558;124;16;;5;0;7;40
559;124;18;;5;0;8;40
560;124;19;;5;0;9;80
561;120;27;;5;0;3;34
562;120;8;;5;0;6;16
563;115;3;;5;0;4;6
564;115;2;;5;0;4;7
565;125;2;BITUTĖS;5;3;9;20
566;125;3;KATINĖLIAI;5;3;9;20
574;126;22;;5;0;3;12
575;126;6;;19;0;3;12
576;126;23;;5;0;6;5
577;126;21;;19;0;6;7
578;126;5;;24;0;14;3
579;126;1;;19;0;8;1
580;126;3;;19;0;9;1
581;127;30;;5;0;3;14
582;127;29;;5;0;3;17
583;127;33;KREGŽDŽIUKŲ;5;2;6;23
584;128;14;;24;0;6;22
585;128;13;;24;0;10;9
586;128;1;;24;0;8;8
587;128;2;;24;0;9;6
588;128;11;;24;0;9;2
590;130;17;ZUIKUČIAI;5;1;3;11
591;130;18;BORUŽIUKAI;5;2;6;5
592;130;19;DRUGELIAI;5;2;13;2
593;130;20;GĖLYTĖS;19;2;11;4
594;129;3;SMALSUČIAI;5;3;9;20
595;115;1;;6;0;4;2
596;131;21;;5;0;3;5
597;131;20;;5;0;3;12
598;131;15;;24;0;3;10
599;131;3;;5;0;6;3
600;131;4;;5;0;6;3
603;79;25;NAUJA;5;2;6;19
605;127;7;;5;0;6;1
606;132;22;;5;0;3;11
607;132;21;;5;0;3;14
608;132;3;;5;0;6;7
609;132;4;;9;0;14;2
610;132;8;;5;0;9;8
611;132;7;;5;0;9;1
612;26;10;;5;0;7;2
613;26;8;;5;0;7;2
614;133;17;;5;0;3;13
615;133;9;;5;0;6;5
616;133;5;;5;0;9;8
617;133;21;ŽVIRBLIUKAI;5;2;6;7
618;133;22;ZUIKUČIAI;5;2;7;3
620;134;23;;5;0;3;18
622;134;15;;5;0;6;23
623;134;9;;5;0;7;4
629;134;10;;5;0;9;9
630;135;1;;5;0;6;8
631;135;2;;5;0;13;10
632;135;3;;5;0;9;4
633;136;2;;5;0;6;20
634;136;6;;5;0;7;1
636;137;1;;24;0;11;15
637;137;2;PRIEŠMOKYKLINĖ2;24;3;11;15
638;138;4;;5;0;9;60
640;55;2;;5;0;9;14
641;139;19;;5;0;3;11
642;139;16;;5;0;6;3
643;139;6;;5;0;6;20
644;139;1;;5;0;8;2
645;140;1;;19;0;3;12
646;140;2;;19;0;6;2
647;140;4;;19;0;11;1
648;141;8;"NAUJA GRUPĖ";5;2;6;10
650;142;23;;5;0;3;8
651;142;22;;5;0;3;13
652;142;20;;5;0;6;7
653;142;13;;5;0;6;3
655;129;4;"SAULĖS ZUIKUČIAI";5;2;16;12
656;2;11;;5;0;3;11
657;2;3;;5;0;6;7
658;2;8;;5;0;7;10
659;2;6;;5;0;8;1
660;110;24;;5;0;6;13
661;110;26;;19;0;6;8
662;143;20;;19;0;3;8
663;143;21;;24;0;3;11
664;143;15;;24;0;6;1
665;143;18;;19;0;6;7
666;143;19;;19;0;7;8
667;143;3;;19;0;8;5
668;36;2;;19;0;6;9
674;144;6;;5;0;6;6
675;144;7;;5;0;6;2
676;144;14;;5;0;7;1
677;144;11;;5;0;8;2
678;144;20;NAUJA;5;1;3;34
679;145;1;;19;0;11;20
680;146;12;;19;0;9;18
681;146;27;SAULĖGRĄŽA;19;2;6;20
682;96;16;;5;0;7;4
683;147;6;;5;0;3;14
684;148;3;;24;0;11;20
685;148;6;;24;0;11;20
686;148;4;;24;0;9;20
687;148;5;;24;0;9;20
688;149;1;;19;0;3;16
692;149;9;;5;0;11;12
693;149;10;;24;0;11;1
694;150;1;;5;0;20;6
695;150;2;;24;0;20;2
696;150;6;;24;0;11;12
697;150;5;;19;0;11;17
698;150;7;LEPG;24;3;9;18
699;101;22;"PRIEŠMOKYKLINĖ NAUJA";5;3;9;20
700;151;1;;24;0;9;15
701;151;2;;24;0;9;15
706;153;24;;19;0;3;11
707;153;23;;5;0;3;14
708;153;7;;5;0;6;3
710;153;4;;5;0;8;12
711;154;2;;19;0;6;10
712;154;10;;19;0;6;3
713;154;7;;5;0;9;22
714;154;29;NAUJA;19;1;3;15
717;155;1;;5;0;9;20
718;152;24;LOPŠELIS;5;1;3;8
722;48;21;ŽIOGELIAI;5;1;3;15
723;48;22;BITUTĖS;5;1;3;15
724;48;23;VYŠNIUKAI;5;2;6;20
725;48;24;BORUŽĖLĖS;5;2;6;20
726;48;25;VYTURĖLIAI;5;3;9;12
727;48;26;DRUGELIAI;5;3;9;20
728;155;2;"PRIEŠMOKYKLINĖ B";4;3;9;20
729;156;1;;5;0;9;24
730;156;2;;5;0;9;24
731;156;3;"NAUJA 3";5;3;9;24
732;157;2;;5;0;9;20
733;157;3;SMALSUČIAI;5;3;9;20
734;157;4;PABIRUČIAI;5;3;9;20
735;158;16;;5;0;3;8
736;158;17;;5;0;3;15
737;158;4;;5;0;6;12
738;158;3;;5;0;6;5
739;158;6;;5;0;14;5
740;158;13;;5;0;9;1
741;159;22;;5;0;3;15
742;159;21;;5;0;26;15
743;159;3;;5;0;6;1
744;159;16;;5;0;8;3
745;159;18;;5;0;8;5
746;159;17;;5;0;8;3
747;159;5;;5;0;8;2
748;159;19;;5;0;11;4
749;160;1;;5;0;4;2
750;161;20;;5;0;3;15
751;161;21;;5;0;3;15
752;161;19;;5;0;3;15
753;161;4;;5;0;9;20
754;162;13;ZUIKUČIAI;5;1;3;15
755;162;14;BORUŽĖLĖS;5;2;6;5
756;162;15;BITUTĖS;4;2;14;5
757;163;20;;5;0;3;14
758;163;21;;5;0;3;13
759;163;1;;5;0;8;7
760;163;2;;5;0;8;6
761;66;12;;5;0;7;3
762;164;1;;5;0;3;11
763;164;5;;5;0;8;14
764;165;25;;5;0;3;2
765;165;17;;5;0;3;2
766;165;26;;5;0;10;4
767;165;14;;5;0;14;2
768;165;15;;6;0;13;3
769;165;18;;5;0;8;6
770;165;16;;5;0;11;4
771;142;9;;5;0;9;18
772;166;1;;19;0;9;10
773;166;2;;24;0;9;8
774;167;1;;19;0;9;15
775;167;2;PRIEŠMOKYKLINĖ;18;3;9;15
776;168;1;;19;0;11;15
778;149;14;;24;0;3;2
779;149;12;;5;0;3;2
780;149;15;;19;0;7;2
781;149;24;;24;2;7;11
782;169;2;;19;0;3;14
783;169;23;;24;0;6;3
784;169;20;;24;0;10;4
785;169;17;;19;0;10;1
786;169;15;;19;0;8;8
787;169;13;;24;0;8;2
788;169;14;;19;0;11;6
789;169;10;;19;0;9;6
790;169;6;;19;0;9;4
791;169;25;"NAUJASIS LOPŠELIS";24;1;3;15
792;169;26;TIGRIUKAI;19;2;8;2
793;169;27;NYKŠTUKAI;19;2;7;2
794;170;3;;5;0;9;20
795;170;2;;5;0;9;20
796;170;1;;5;0;9;20
797;171;1;;5;0;9;20
798;171;2;;0;0;9;20
800;172;2;;5;0;4;5
801;172;11;"NAUJA LOPŠELIO";5;1;3;11
802;173;1;;5;0;9;20
803;149;19;;5;0;6;2
804;149;20;;19;0;6;1
805;149;6;;24;0;10;1
806;106;17;;5;0;9;1
807;106;22;;5;0;9;1
808;106;21;;5;0;9;1
809;3;13;;5;0;7;1
810;3;28;SKRUZDĖLIUKŲ;5;2;8;4
811;40;4;;5;0;11;3
813;113;7;;5;0;7;1
814;172;9;;5;0;6;7
815;113;3;;5;0;9;8
818;56;12;;5;0;6;7
820;82;6;;5;0;6;4
821;82;3;;5;0;6;3
822;82;13;;5;0;6;4
824;12;31;;13;0;19;15
825;6;9;;5;0;6;22
826;154;22;;19;0;11;5
827;12;28;;5;0;6;2
828;153;9;;5;0;7;3
829;153;5;;5;0;9;9
830;152;25;DARŽELIS;5;2;6;7
832;90;24;;5;0;10;1
833;90;16;;5;0;8;3
835;90;18;;5;0;9;1
836;90;19;;5;0;9;2
837;78;3;;5;0;7;5
838;78;9;;5;0;8;7
839;63;1;;5;0;8;2
840;63;2;;5;0;8;3
842;42;5;;24;0;4;2
843;152;26;PRIEŠMOKYKLINĖ;5;3;9;24
844;75;3;;5;0;9;3
845;52;1;;5;0;6;6
846;52;14;;5;0;7;3
847;34;21;;5;0;8;2
849;81;9;;5;0;6;20
850;174;1;;5;0;3;15
851;174;2;;0;0;3;15
852;174;4;;5;0;7;20
853;174;5;;0;0;8;20
854;174;3;;5;0;9;20
855;174;6;;0;0;9;20
856;175;1;;5;0;9;18
857;175;2;;5;0;9;18
858;175;3;;5;0;9;18
859;176;1;;5;0;9;60
860;121;18;;5;0;7;2
861;29;2;;5;0;8;1
862;177;1;;19;0;9;40
863;127;26;;5;0;7;1
864;127;4;;5;0;8;1
865;104;11;;0;0;0;6
866;178;11;;0;0;0;1
867;178;6;;0;0;0;1
868;178;5;;0;0;0;1
869;6;2;;0;0;0;5
870;6;10;;0;0;0;2
871;24;12;;0;0;0;12
872;169;16;;0;0;0;3
873;119;11;;0;0;0;3
874;82;5;;0;0;0;4
875;179;2;;0;0;0;14
876;179;6;;0;0;0;50
877;179;12;;0;0;0;5
878;180;1;;0;0;0;23
879;180;2;;0;0;0;23
880;181;1;;0;0;0;20
883;183;1;;0;0;0;20
884;183;2;;0;0;0;20
885;184;6;;0;0;0;20
886;184;5;;0;0;0;20
887;184;4;;0;0;0;20
888;185;24;;0;0;0;8
889;185;23;;0;0;0;12
890;185;21;;0;0;0;24
891;185;12;;0;0;0;1
892;185;2;;0;0;0;1
893;186;15;;0;0;0;5
894;186;14;;0;0;0;10
895;186;17;;0;0;0;9
896;186;1;;0;0;0;15
897;186;22;;0;0;0;3
898;187;22;;0;0;0;15
899;187;24;;0;0;0;15
902;187;19;;0;0;0;5
903;188;12;;0;0;0;16
904;188;17;;0;0;0;8
905;188;3;;0;0;0;12
906;188;11;;0;0;0;6
907;187;30;;0;0;0;7
908;187;2;;0;0;0;5
909;187;14;;0;0;0;10
910;189;33;;0;0;0;15
911;189;23;;0;0;0;4
912;189;31;;0;0;0;2
913;189;29;;0;0;0;4
914;189;24;;0;0;0;14
916;191;0;;5;1;3;13
917;191;0;;5;2;6;5
918;191;0;;5;2;6;20
919;192;16;;0;0;0;8
920;192;15;;0;0;0;10
921;192;0;"BITUTĖS NAUJA";20;2;6;15
922;192;0;"SPINDULIUKAI NAUJA";20;1;3;15
923;193;13;;0;0;0;14
924;193;4;;0;0;0;25
925;193;11;;0;0;0;4
927;194;0;"ANKSTYVOJO AMŽIAUS";5;1;3;30
928;194;0;"PRIEŠ. ANČIUKŲ";5;3;9;2
929;194;0;IKIMOKYKLINĖ;5;2;6;31
930;195;7;;0;0;0;15
931;195;12;;0;0;0;20
932;196;29;;0;0;0;13
933;196;15;;0;0;0;15
934;196;0;SKRUZDĖLIUKAI;5;2;8;5
935;196;0;BITUTĖS;24;1;1;15
936;197;25;;0;0;0;13
937;197;24;;0;0;0;13
938;197;17;;0;0;0;6
939;197;18;;0;0;0;6
940;197;23;;0;0;0;12
941;197;26;;0;0;0;3
942;198;22;;0;0;0;7
943;198;13;;0;0;0;15
944;198;27;;0;0;0;3
947;198;5;;0;0;0;4
949;198;0;nauja;5;2;14;17
953;200;15;;0;0;0;12
954;200;5;;0;0;0;8
955;200;0;KIŠKUČIŲ;5;2;6;20
956;201;22;;0;0;0;15
958;202;2;;0;0;0;7
959;202;8;;0;0;0;1
960;202;9;;0;0;0;3
961;202;1;;0;0;0;2
962;202;12;;0;0;0;8
963;202;7;;0;0;0;1
964;202;10;;0;0;0;8
965;202;11;;0;0;0;10
966;182;0;;4;1;3;11
967;182;0;;4;1;3;11
968;182;0;;4;2;8;1
969;182;0;;4;3;9;2
970;203;0;VOVERIUKŲ;5;1;3;20
971;203;0;KIŠKUČIŲ;5;2;6;4
972;203;0;BITUČIŲ;5;2;8;4
973;204;1;;0;0;0;15
974;204;0;PRIEŠMOKYKLINĖ;19;3;9;15
975;205;1;;0;0;0;15
976;205;8;;0;0;0;7
977;205;14;;0;0;0;20
978;205;4;;0;0;0;16
979;206;26;;0;0;0;11
980;206;25;;0;0;0;12
981;206;21;;0;0;0;18
982;206;22;;0;0;0;19
983;206;12;;0;0;0;1
984;207;12;;0;0;0;13
985;207;10;;0;0;0;6
986;207;9;;0;0;0;6
987;208;5;;0;0;0;15
988;209;2;;0;0;0;15
989;209;3;;0;0;0;5
990;209;6;;0;0;0;4
991;210;20;;0;0;0;16
992;210;21;;0;0;0;16
993;210;19;;0;0;0;3
994;210;3;;0;0;0;5
995;210;5;;0;0;0;5
996;211;27;;0;0;0;14
997;211;25;;0;0;0;14
998;211;26;;0;0;0;18
999;211;15;;0;0;0;16
1000;211;18;;0;0;0;4
1001;212;2;;0;0;0;22
1002;212;12;;0;0;0;2
1003;212;11;;0;0;0;1
1004;212;7;;0;0;0;8
1005;212;1;;0;0;0;8
1006;213;9;;0;0;0;15
1007;213;8;;0;0;0;9
1008;213;3;;0;0;0;1
1009;213;4;;0;0;0;3
1010;214;20;;0;0;0;15
1011;214;21;;0;0;0;15
1012;214;15;;0;0;0;5
1013;214;18;;0;0;0;6
1014;214;19;;0;0;0;3
1015;214;16;;0;0;0;4
1016;214;3;;0;0;0;3
1017;214;17;;0;0;0;6
1018;214;12;;0;0;0;5
1019;215;6;;0;0;0;13
1020;216;9;;0;0;0;15
1021;216;6;;0;0;0;15
1022;217;21;;0;0;0;13
1023;217;22;;0;0;0;13
1024;217;1;;0;0;0;5
1025;217;6;;0;0;0;6
1026;217;2;;0;0;0;12
1028;218;10;;0;0;0;14
1029;218;5;;0;0;0;2
1030;198;14;;0;0;0;2
1031;219;10;;0;0;0;10
1032;219;11;;0;0;0;13
1033;219;2;;0;0;0;13
1040;222;8;;0;0;0;12
1041;222;5;;0;0;0;4
1043;223;7;;0;0;0;14
1044;190;15;;0;0;0;13
1045;190;4;;0;0;0;4
1046;190;0;PELĖDŽIUKAI;5;2;6;20
1047;190;0;GĖLYTĖS;19;2;16;3
1048;224;3;;0;0;0;28
1049;224;5;;0;0;0;6
1050;224;8;;0;0;0;2
1051;225;0;NAUJA;5;3;11;11
1052;225;0;NAUJA;5;1;3;29
1053;225;0;NAUJA;5;2;6;11
1054;225;0;NAUJA;5;3;9;4
1055;225;0;NAUJA;5;2;7;4
1056;226;0;;5;1;3;25
1057;226;0;;5;2;6;13
1058;226;0;;5;2;7;2
1060;226;0;;5;3;9;6
1061;227;22;;0;0;0;14
1062;227;23;;0;0;0;16
1063;227;1;;0;0;0;4
1064;227;2;;0;0;0;6
1065;227;3;;0;0;0;1
1067;228;22;;0;0;0;15
1068;228;21;;0;0;0;15
1069;228;14;;0;0;0;5
1070;228;13;;0;0;0;4
1071;228;19;;0;0;0;10
1072;229;11;;0;0;0;13
1073;229;16;;0;0;0;11
1074;229;15;;0;0;0;9
1075;229;14;;0;0;0;8
1082;231;19;;0;0;0;14
1083;231;18;;0;0;0;13
1084;231;15;;0;0;0;16
1085;231;16;;0;0;0;15
1086;231;3;;0;0;0;2
1087;231;14;;0;0;0;2
1088;232;8;;0;0;0;10
1089;232;7;;0;0;0;6
1090;232;2;;0;0;0;25
1091;232;1;;0;0;0;1
1092;233;12;;0;0;0;10
1093;233;11;;0;0;0;11
1094;233;3;;0;0;0;1
1095;234;19;;0;0;0;12
1096;234;20;;0;0;0;15
1097;234;10;;0;0;0;12
1098;234;0;NAUJA;5;2;6;22
1099;234;0;NAUJA;5;2;7;4
1100;235;11;;0;0;0;14
1101;235;12;;0;0;0;18
1102;235;13;;0;0;0;17
1103;235;14;;0;0;0;5
1104;220;0;NYKŠTUKAI;5;1;1;10
1105;220;0;KODĖLČIAI;5;1;3;15
1106;220;0;VIŠČIUKŲ;19;1;3;10
1107;230;8;;0;0;0;13
1108;230;21;;0;0;0;14
1109;230;13;;0;0;0;5
1110;230;10;;0;0;0;7
1111;230;6;;0;0;0;6
1112;230;4;;0;0;0;4
1113;221;0;NAUJA;4;1;3;28
1114;221;0;NAUJA;4;1;6;14
1115;221;0;NAUJA;4;1;7;2
1116;201;0;SAULUTĖ;24;1;1;15
1117;236;9;;0;0;0;9
1118;236;1;;0;0;0;11
1119;236;5;;0;0;0;7
1120;236;3;;0;0;0;3
1121;236;4;;0;0;0;3
1122;237;20;;0;0;0;50
1123;237;1;;0;0;0;20
1124;237;3;;0;0;0;20
1125;238;0;"NAUJOKAI LOPŠELIS";5;1;3;34
1126;238;0;"NAUJOKAI DARŽELIS 3-4 M";5;2;6;16
1127;238;0;"NAUJOKAI DARŽELIS 4-5 M.";5;2;7;6
1128;238;0;"NAUJOKAI PRIEŠMOKYKLINĖS";5;3;9;6
1129;239;3;;0;0;0;16
1130;239;10;;0;0;0;2
1131;239;4;;0;0;0;4
1132;239;2;;0;0;0;1
1133;227;24;;0;0;0;5
1134;240;2;;0;0;0;5
1135;240;1;;0;0;0;20
1136;240;0;ŽIRNIUKAI;5;2;7;3
1137;241;13;;0;0;0;15
1138;241;7;;0;0;0;4
1139;242;35;;0;0;0;15
1140;242;32;;0;0;0;15
1141;242;31;;0;0;0;7
1142;242;13;;0;0;0;5
1143;242;22;;0;0;0;1
1144;242;18;;0;0;0;1
1145;242;34;;0;0;0;1
1146;242;23;;0;0;0;1
1147;242;17;;0;0;0;1
1148;243;21;;0;0;0;13
1149;243;20;;0;0;0;7
1150;243;19;;0;0;0;15
1151;243;9;;0;0;0;7
1152;244;30;;0;0;0;5
1153;244;13;;0;0;0;13
1154;244;34;;0;0;0;15
1155;244;33;;0;0;0;16
1156;244;31;;0;0;0;3
1157;244;7;;0;0;0;2
1158;245;1;;0;0;0;20
1159;245;2;;0;0;0;3
1160;245;6;;0;0;0;2
1161;245;5;;0;0;0;3
1162;246;9;;0;0;0;14
1163;246;10;;0;0;0;9
1164;247;0;BORUŽIUKAI;5;1;3;17
1165;247;0;GĖLYTĖS;5;1;3;18
1166;247;0;ŽIRNIUKAI;5;2;6;2
1167;248;11;;0;0;0;30
1168;248;4;;0;0;0;3
1169;249;13;;0;0;0;13
1170;249;12;;0;0;0;13
1171;249;4;;0;0;0;2
1172;250;10;;0;0;0;13
1173;250;9;;0;0;0;16
1174;250;3;;0;0;0;16
1175;250;12;;0;0;0;7
1176;201;0;BORUŽĖLĖS;24;2;13;2
1177;201;0;GINTARĖLIAI;19;2;6;4
1178;201;0;GAIDELIAI;19;3;9;4
1179;201;0;NYKŠTUKAI;19;2;7;1
1180;251;20;;0;0;0;16
1181;251;18;;0;0;0;15
1182;251;19;;0;0;0;3
1183;251;3;;0;0;0;3
1184;251;10;;0;0;0;7
1185;251;5;;0;0;0;2
1186;252;0;NAUJA;19;2;6;20
1187;252;0;NAUJA;19;2;6;20
1188;252;0;NAUJA;19;3;9;10
1189;253;12;;0;0;0;16
1190;253;17;;0;0;0;17
1191;253;2;;0;0;0;23
1192;253;1;;0;0;0;1
1193;254;22;;0;0;0;15
1194;254;23;;0;0;0;13
1195;254;25;;0;0;0;4
1196;254;4;;0;0;0;6
1197;254;0;NAUJA;4;1;3;15
1198;255;22;;0;0;0;17
1199;255;23;;0;0;0;16
1200;255;3;;0;0;0;18
1201;255;14;;0;0;0;7
1202;255;26;;0;0;0;1
1203;255;27;;0;0;0;6
1204;255;11;;0;0;0;4
1205;255;16;;0;0;0;5
1206;256;11;;0;0;0;24
1207;256;6;;0;0;0;7
1208;256;1;;0;0;0;8
1209;256;0;NAUJA;19;1;3;15
1210;257;15;;0;0;0;1
1211;257;17;;0;0;0;1
1212;257;21;;0;0;0;14
1213;257;18;;0;0;0;3
1214;257;14;;0;0;0;2
1215;257;20;;0;0;0;15
1216;257;3;;0;0;0;22
1218;258;0;;5;1;3;45
1219;258;0;;5;2;6;40
1220;258;0;;5;2;7;10
1221;258;0;;5;3;9;6
1222;258;0;;5;2;8;10
1223;259;0;"NAUJA GRUPĖ";5;1;3;55
1224;259;0;"NAUJA GRUPĖ";5;2;6;25
1225;260;17;;0;0;0;15
1226;260;18;;0;0;0;15
1227;260;12;;0;0;0;6
1228;260;11;;0;0;0;5
1229;261;9;;0;0;0;13
1230;261;13;;0;0;0;27
1231;261;17;;0;0;0;5
1232;261;18;;0;0;0;1
1233;261;19;;0;0;0;2
1234;262;16;;0;0;0;30
1235;262;15;;0;0;0;40
1236;263;7;;0;0;0;6
1237;263;2;;0;0;0;7
1238;263;11;;0;0;0;3
1239;263;5;;0;0;0;10
1240;263;4;;0;0;0;12
1241;264;22;;0;0;0;15
1242;264;17;;0;0;0;4
1243;264;18;;0;0;0;15
1244;264;21;;0;0;0;15
1245;264;24;;0;0;0;1
1246;264;3;;0;0;0;1
1247;265;21;;0;0;0;12
1248;265;20;;0;0;0;14
1249;265;15;;0;0;0;5
1250;265;9;;0;0;0;3
1251;266;11;;0;0;0;28
1252;266;2;;0;0;0;7
1253;266;8;;0;0;0;2
1254;266;7;;0;0;0;1
1255;267;0;"NAUJA GR.";5;1;12;12
1256;267;0;"NAUJA GR.";5;2;4;15
1257;268;20;;0;0;0;24
1258;268;14;;0;0;0;10
1259;268;6;;0;0;0;1
1260;269;3;;0;0;0;12
1261;269;9;;0;0;0;5
1262;269;5;;0;0;0;7
1263;269;6;;0;0;0;4
1264;269;13;;0;0;0;2
1265;269;1;;0;0;0;4
1266;270;22;;0;0;0;14
1267;270;21;;0;0;0;14
1268;270;24;;0;0;0;10
1269;270;11;;0;0;0;14
1270;271;1;;0;0;0;15
1271;271;8;;0;0;0;2
1272;271;2;;0;0;0;6
1273;272;4;;0;0;0;7
1274;272;15;;0;0;0;5
1275;272;0;"NAUJA GRUPĖ";5;1;3;30
1276;272;0;"NAUJA GRUPĖ";5;2;6;20
1277;220;14;;0;0;0;1
1278;273;5;;0;0;0;3
1279;273;0;NAUJA;5;1;12;21
1280;254;7;;0;0;0;1
1281;274;13;;0;0;0;14
1282;274;2;;0;0;0;11
1283;274;1;;0;0;0;1
1284;220;0;DRUGELIŲ;5;1;3;1
1285;275;11;;0;0;0;7
1286;275;5;;0;0;0;12
1287;275;10;;0;0;0;2
1288;275;4;;0;0;0;15
1289;276;18;;0;0;0;40
1290;276;1;;0;0;0;11
1291;276;3;;0;0;0;9
1292;277;24;;0;0;0;29
1293;277;22;;0;0;0;33
1294;277;4;;0;0;0;12
1295;278;20;;0;0;0;16
1296;278;7;;0;0;0;42
1297;278;4;;0;0;0;1
1298;278;10;;0;0;0;3
1299;279;16;;0;0;0;15
1300;279;17;;0;0;0;15
1301;279;2;;0;0;0;14
1302;279;4;;0;0;0;14
1303;280;19;;0;0;0;15
1304;280;6;;0;0;0;9
1305;280;13;;0;0;0;8
1306;280;14;;0;0;0;9
1307;280;0;NYKŠTUKŲ;5;1;1;15
1308;280;0;ŠNEKUČIŲ;5;2;6;20
1309;280;0;VOVERIUKŲ;5;2;7;20
1310;280;0;DRUGELIŲ;5;2;8;4
1311;280;0;GUDRUČIŲ;5;2;6;5
1312;281;0;;5;1;3;31
1313;281;0;;5;2;6;12
1314;281;0;;5;2;7;1
1315;281;0;;5;2;8;15
1316;281;0;;5;3;9;3
1317;282;6;;0;0;0;12
1318;282;4;;0;0;0;3
1319;283;5;;0;0;0;15
1320;283;4;;0;0;0;3
1321;283;10;;0;0;0;10
1322;283;7;;0;0;0;10
1323;284;4;;0;0;0;15
1324;284;3;;0;0;0;13
1325;284;16;;0;0;0;6
1326;284;17;;0;0;0;6
1327;284;6;;0;0;0;6
1328;284;11;;0;0;0;2
1329;284;13;;0;0;0;2
1330;194;0;"IKIM. MESKUČIŲ";5;2;7;2
1331;194;0;"IKI. ZYLUTĖS";4;2;8;2
1337;285;0;"1,5-3 M.";5;1;5;40
1338;285;0;"3-4 M.";5;2;6;9
1339;285;0;"4-5 M.";5;2;7;1
1340;285;0;"5-6 M.";5;2;8;1
1341;285;0;"6-7 M.";5;2;9;8
1342;286;11;;0;0;0;15
1343;286;4;;0;0;0;20
1344;287;17;;0;0;0;27
1345;287;2;;0;0;0;11
1346;287;10;;0;0;0;3
1347;287;16;;0;0;0;10
1348;199;0;NAUJA;5;1;1;33
1349;199;0;NAUJA;5;1;6;11
1350;199;0;NAUJA;5;1;8;4
1351;288;0;"LOPŠELIO PAP.";5;1;3;10
1352;288;0;DARŽELIS;5;2;6;52
1353;288;0;"PRIEŠMOKYKLINĖ PAP.";5;3;9;4
1354;289;9;;0;0;0;15
1355;289;14;;0;0;0;10
1356;289;4;;0;0;0;13
1357;290;0;;5;1;3;30
1358;290;0;;5;2;6;20
1359;290;0;;5;2;7;1
1360;290;0;;5;3;9;7
1361;291;1;;0;0;0;3
1362;291;2;;0;0;0;5
1363;292;1;;0;0;0;12
1364;292;2;;0;0;0;4
1365;293;0;;5;1;3;15
1366;293;0;;5;2;6;2
1367;293;0;;5;3;11;2
1368;294;11;;0;0;0;5
1369;294;15;;0;0;0;4
1370;295;10;;0;0;0;11
1371;295;5;;0;0;0;2
1372;296;17;;0;0;0;13
1373;296;15;;0;0;0;10
1374;296;16;;0;0;0;15
1375;296;5;;0;0;0;3
1376;296;11;;0;0;0;1
1377;297;21;;0;0;0;45
1378;297;5;;0;0;0;6
1379;297;14;;0;0;0;1
1380;298;19;;0;0;0;12
1381;298;21;;0;0;0;13
1382;298;20;;0;0;0;12
1383;299;15;;0;0;0;15
1384;299;25;;0;0;0;15
1385;299;1;;0;0;0;4
1386;299;6;;0;0;0;4
1387;299;11;;0;0;0;2
1388;300;23;;0;0;0;30
1389;300;2;;0;0;0;10
1390;300;8;;0;0;0;10
1391;300;4;;0;0;0;10
1392;257;25;;0;0;0;18
1393;301;11;;0;0;0;13
1394;301;6;;0;0;0;2
1395;301;0;KIŠKUČIAI;24;2;10;4
1396;301;0;BITUTĖS;24;3;11;3
1397;301;0;DRUGELIAI;5;3;11;6
